<?xml version="1.0" encoding="UTF-8"?>
<project-private xmlns="http://www.netbeans.org/ns/project-private/1">
    <editor-bookmarks xmlns="http://www.netbeans.org/ns/editor-bookmarks/1"/>
    <editor-bookmarks xmlns="http://www.netbeans.org/ns/editor-bookmarks/2" lastBookmarkId="0"/>
    <open-files xmlns="http://www.netbeans.org/ns/projectui-open-files/2">
        <group>
            <file>file:/E:/kbc%20project/KBC%20game/src/mykbcgame/MainPage.java</file>
            <file>file:/E:/kbc%20project/KBC%20game/src/mykbcgame/MyKbcGame.java</file>
            <file>file:/E:/kbc%20project/KBC%20game/src/mykbcgame/NewJFrame.java</file>
            <file>file:/E:/kbc%20project/KBC%20game/src/mykbcgame/PlayGame.java</file>
        </group>
    </open-files>
</project-private>
